USE kainen_ecommerce;

-- AI was used to generate the following data to be inserted.
-- Additional customers (UserIDs 9-38)
INSERT INTO User (Email, PasswordHash, FirstName, LastName, Phone, CreatedAt, UserType) VALUES
('liam.smith9@email.com','hash_liam','Liam','Smith','206-555-1009','2025-02-27','Customer'),
('olivia.johnson10@email.com','hash_olivia','Olivia','Johnson','206-555-1010','2025-01-13','Customer'),
('noah.williams11@email.com','hash_noah','Noah','Williams','206-555-1011','2025-05-21','Customer'),
('emma.brown12@email.com','hash_emma','Emma','Brown','206-555-1012','2025-05-06','Customer'),
('oliver.jones13@email.com','hash_oliver','Oliver','Jones','206-555-1013','2025-04-25','Customer'),
('ava.garcia14@email.com','hash_ava','Ava','Garcia','206-555-1014','2025-03-13','Customer'),
('elijah.miller15@email.com','hash_elijah','Elijah','Miller','206-555-1015','2025-02-22','Customer'),
('sophia.davis16@email.com','hash_sophia','Sophia','Davis','206-555-1016','2025-10-07','Customer'),
('james.wilson17@email.com','hash_james','James','Wilson','206-555-1017','2025-02-14','Customer'),
('isabella.moore18@email.com','hash_isabella','Isabella','Moore','206-555-1018','2025-08-05','Customer'),
('lucas.taylor19@email.com','hash_lucas','Lucas','Taylor','206-555-1019','2025-01-17','Customer'),
('mia.anderson20@email.com','hash_mia','Mia','Anderson','206-555-1020','2025-01-16','Customer'),
('mason.thomas21@email.com','hash_mason','Mason','Thomas','206-555-1021','2025-02-17','Customer'),
('amelia.jackson22@email.com','hash_amelia','Amelia','Jackson','206-555-1022','2025-04-22','Customer'),
('ethan.white23@email.com','hash_ethan','Ethan','White','206-555-1023','2025-04-30','Customer'),
('harper.harris24@email.com','hash_harper','Harper','Harris','206-555-1024','2025-09-16','Customer'),
('aiden.martin25@email.com','hash_aiden','Aiden','Martin','206-555-1025','2025-01-14','Customer'),
('evelyn.thompson26@email.com','hash_evelyn','Evelyn','Thompson','206-555-1026','2025-10-15','Customer'),
('logan.young27@email.com','hash_logan','Logan','Young','206-555-1027','2025-04-12','Customer'),
('abigail.lee28@email.com','hash_abigail','Abigail','Lee','206-555-1028','2025-10-07','Customer'),
('jackson.walker29@email.com','hash_jackson','Jackson','Walker','206-555-1029','2025-08-03','Customer'),
('ella.hall30@email.com','hash_ella','Ella','Hall','206-555-1030','2025-04-23','Customer'),
('sebastian.allen31@email.com','hash_sebastian','Sebastian','Allen','206-555-1031','2025-08-18','Customer'),
('scarlett.king32@email.com','hash_scarlett','Scarlett','King','206-555-1032','2025-05-23','Customer'),
('mateo.wright33@email.com','hash_mateo','Mateo','Wright','206-555-1033','2025-01-04','Customer'),
('grace.scott34@email.com','hash_grace','Grace','Scott','206-555-1034','2025-03-23','Customer'),
('henry.torres35@email.com','hash_henry','Henry','Torres','206-555-1035','2025-08-05','Customer'),
('chloe.nguyen36@email.com','hash_chloe','Chloe','Nguyen','206-555-1036','2025-06-24','Customer'),
('alexander.hill37@email.com','hash_alexander','Alexander','Hill','206-555-1037','2025-05-23','Customer'),
('zoey.flores38@email.com','hash_zoey','Zoey','Flores','206-555-1038','2025-03-21','Customer');

INSERT INTO Customer (UserID, LoyaltyPoints, PreferredPaymentMethod) VALUES
(9,881,'Debit Card'),
(10,418,'Credit Card'),
(11,1556,'Credit Card'),
(12,1470,'Debit Card'),
(13,2472,'Debit Card'),
(14,177,'Apple Pay'),
(15,2196,'Credit Card'),
(16,1550,'Credit Card'),
(17,2261,'Debit Card'),
(18,2574,'Google Pay'),
(19,1481,'Google Pay'),
(20,787,'Credit Card'),
(21,187,'PayPal'),
(22,1185,'Credit Card'),
(23,953,'Credit Card'),
(24,1556,'Debit Card'),
(25,1857,'Debit Card'),
(26,666,'Debit Card'),
(27,1455,'PayPal'),
(28,2745,'Debit Card'),
(29,2874,'Credit Card'),
(30,2495,'PayPal'),
(31,2187,'PayPal'),
(32,669,'Apple Pay'),
(33,1554,'Debit Card'),
(34,2621,'Google Pay'),
(35,899,'Debit Card'),
(36,229,'PayPal'),
(37,131,'Debit Card'),
(38,1643,'Debit Card');

-- Additional products (ProductIDs 14-35)
INSERT INTO Product (SellerID, CategoryID, ProductName, Description, Price, CreatedAt, IsActive) VALUES
(6,4,'ProPhone 15 Pro','Flagship pro smartphone 512GB',1099.99,'2025-07-04',1),
(6,5,'UltraBook Air','13in ultra-thin 8GB 256GB SSD',799.99,'2024-09-17',1),
(6,6,'NeckBand Sport','Wireless sport neckband earphones',39.99,'2025-03-17',1),
(6,5,'Gaming Laptop X','15in gaming laptop RTX 4060 32GB',1799.99,'2025-06-02',1),
(6,4,'SmartWatch Series 3','GPS smartwatch heart rate NFC',299.99,'2024-11-09',1),
(6,6,'Portable Speaker','360 degree waterproof bluetooth speaker',89.99,'2024-09-17',1),
(7,7,'Polo Shirt','Mens pique polo multiple colors',44.99,'2025-05-01',1),
(7,8,'Yoga Pants','Womens high-waist stretch yoga pants',54.99,'2025-02-11',1),
(7,7,'Puffer Jacket','Mens lightweight packable puffer',99.99,'2024-12-20',1),
(7,8,'Floral Blouse','Womens lightweight printed blouse',39.99,'2025-04-25',1),
(7,7,'Denim Jacket','Mens classic denim trucker jacket',79.99,'2025-01-21',1),
(7,8,'Running Shorts','Womens 5in split running shorts',34.99,'2024-08-13',1),
(8,9,'Air Fryer XL','5.8qt digital air fryer',119.99,'2024-10-14',1),
(8,9,'Coffee Maker Pro','12-cup programmable drip coffee maker',79.99,'2024-08-11',1),
(8,10,'Raised Garden Bed','4x4ft cedar raised planter bed kit',89.99,'2024-10-05',1),
(8,10,'Garden Hose 50ft','Heavy duty expandable garden hose',34.99,'2025-06-16',1),
(6,4,'Wireless Charger Pad','15W fast wireless charging pad',29.99,'2025-03-14',1),
(6,5,'USB-C Hub 7in1','USB-C hub with HDMI SD USB-A ports',49.99,'2025-03-02',1),
(8,9,'Stand Mixer','5qt tilt-head stand mixer',249.99,'2025-10-13',1),
(7,8,'Winter Coat','Womens mid-length wool blend coat',179.99,'2025-06-17',1),
(6,6,'Smart Home Hub','Voice-controlled smart home hub',129.99,'2025-03-26',1),
(8,10,'Pruning Shears','Ergonomic bypass pruning shears',24.99,'2025-01-06',1);

INSERT INTO Inventory (ProductID, QuantityInStock, ReorderLevel, LastUpdated) VALUES
(14,30,17,CURRENT_TIMESTAMP),
(15,18,16,CURRENT_TIMESTAMP),
(16,200,12,CURRENT_TIMESTAMP),
(17,8,9,CURRENT_TIMESTAMP),
(18,55,20,CURRENT_TIMESTAMP),
(19,40,7,CURRENT_TIMESTAMP),
(20,65,6,CURRENT_TIMESTAMP),
(21,90,8,CURRENT_TIMESTAMP),
(22,120,9,CURRENT_TIMESTAMP),
(23,45,10,CURRENT_TIMESTAMP),
(24,15,18,CURRENT_TIMESTAMP),
(25,80,7,CURRENT_TIMESTAMP),
(26,35,17,CURRENT_TIMESTAMP),
(27,60,17,CURRENT_TIMESTAMP),
(28,45,19,CURRENT_TIMESTAMP),
(29,100,13,CURRENT_TIMESTAMP),
(30,25,5,CURRENT_TIMESTAMP),
(31,12,8,CURRENT_TIMESTAMP),
(32,5,13,CURRENT_TIMESTAMP),
(33,70,15,CURRENT_TIMESTAMP),
(34,22,8,CURRENT_TIMESTAMP),
(35,90,14,CURRENT_TIMESTAMP);

-- Bulk orders (OrderIDs 19-120)
INSERT INTO `Order` (CustomerID, ShippingAddressID, OrderDate, Status, TotalAmount, PaymentMethod) VALUES
(28,2,'2025-08-20','Delivered',119.97,'Debit Card'),
(11,5,'2025-09-28','Delivered',2989.95,'Google Pay'),
(6,6,'2025-09-05','Delivered',549.97,'Google Pay'),
(35,6,'2025-12-19','Delivered',729.95,'Debit Card'),
(4,2,'2025-02-04','Delivered',24.99,'Debit Card'),
(32,2,'2025-10-03','Delivered',2149.94,'Google Pay'),
(7,1,'2025-07-25','Delivered',899.97,'Credit Card'),
(30,2,'2025-02-08','Delivered',79.99,'Google Pay'),
(16,2,'2025-07-27','Delivered',249.97,'Apple Pay'),
(17,4,'2025-05-26','Delivered',1079.95,'Google Pay'),
(33,1,'2025-04-05','Delivered',599.98,'Google Pay'),
(37,2,'2025-10-23','Cancelled',69.98,'Credit Card'),
(14,6,'2025-06-09','Delivered',829.95,'Debit Card'),
(23,1,'2025-05-05','Delivered',249.97,'Debit Card'),
(17,1,'2025-02-24','Shipped',294.95,'PayPal'),
(28,3,'2025-01-23','Delivered',279.96,'Debit Card'),
(5,6,'2025-03-17','Shipped',569.95,'Credit Card'),
(16,6,'2025-02-22','Delivered',2809.94,'Google Pay'),
(7,4,'2025-01-20','Delivered',534.97,'PayPal'),
(13,4,'2025-06-17','Delivered',184.96,'Credit Card'),
(3,1,'2025-11-01','Delivered',344.95,'Debit Card'),
(34,5,'2025-12-17','Delivered',619.92,'Debit Card'),
(27,6,'2025-07-13','Delivered',1279.95,'Google Pay'),
(29,6,'2025-04-19','Shipped',234.97,'Apple Pay'),
(15,2,'2025-03-16','Delivered',479.96,'Credit Card'),
(32,4,'2025-05-04','Delivered',29.99,'Credit Card'),
(34,4,'2025-01-26','Shipped',249.99,'PayPal'),
(34,5,'2025-10-31','Delivered',599.94,'Apple Pay'),
(16,3,'2025-06-20','Delivered',189.99,'Google Pay'),
(25,6,'2025-03-19','Delivered',774.94,'Credit Card'),
(20,4,'2025-08-02','Shipped',3859.96,'Google Pay'),
(25,3,'2025-12-08','Delivered',1949.94,'PayPal'),
(14,4,'2025-06-16','Delivered',249.96,'Apple Pay'),
(3,1,'2025-05-06','Delivered',789.97,'Credit Card'),
(17,3,'2025-03-26','Cancelled',99.98,'Google Pay'),
(38,1,'2025-06-08','Cancelled',2099.94,'Apple Pay'),
(1,4,'2025-09-07','Delivered',569.95,'Apple Pay'),
(21,2,'2025-02-14','Delivered',579.97,'Apple Pay'),
(12,4,'2025-04-18','Delivered',2544.96,'Debit Card'),
(32,4,'2025-01-09','Delivered',779.96,'Debit Card'),
(28,6,'2025-10-08','Delivered',2124.95,'Debit Card'),
(18,6,'2025-10-28','Shipped',1724.96,'Google Pay'),
(18,1,'2025-01-28','Shipped',269.97,'Debit Card'),
(29,3,'2025-04-04','Delivered',409.96,'Debit Card'),
(36,4,'2025-11-06','Cancelled',259.96,'Google Pay'),
(37,5,'2025-01-31','Cancelled',129.98,'Credit Card'),
(36,1,'2025-03-21','Delivered',2569.93,'Apple Pay'),
(8,5,'2025-04-25','Delivered',219.97,'Debit Card'),
(8,4,'2025-12-18','Delivered',254.96,'Apple Pay'),
(6,2,'2025-12-11','Cancelled',44.99,'Google Pay'),
(31,5,'2025-11-29','Delivered',289.97,'Debit Card'),
(22,3,'2025-12-09','Delivered',309.95,'PayPal'),
(21,1,'2025-07-25','Shipped',1149.94,'Credit Card'),
(32,1,'2025-01-15','Cancelled',1099.97,'PayPal'),
(30,1,'2025-11-27','Delivered',174.95,'Apple Pay'),
(13,5,'2025-09-17','Delivered',199.95,'Credit Card'),
(29,5,'2025-09-04','Delivered',2439.94,'Debit Card'),
(10,4,'2025-01-19','Delivered',619.96,'Google Pay'),
(17,3,'2025-11-15','Delivered',249.97,'Credit Card'),
(28,1,'2025-11-20','Delivered',2699.97,'Apple Pay'),
(23,3,'2025-08-08','Delivered',1369.95,'PayPal'),
(1,4,'2025-05-27','Shipped',99.98,'PayPal'),
(28,6,'2025-05-08','Delivered',259.98,'Debit Card'),
(37,3,'2025-12-24','Delivered',1279.94,'Credit Card'),
(3,3,'2025-08-13','Delivered',614.95,'Google Pay'),
(34,5,'2025-05-19','Delivered',764.95,'Debit Card'),
(17,5,'2025-03-04','Delivered',389.96,'Debit Card'),
(30,6,'2025-06-03','Delivered',399.97,'Credit Card'),
(35,2,'2025-07-17','Delivered',659.93,'Debit Card'),
(24,1,'2025-12-17','Delivered',259.96,'Google Pay'),
(4,3,'2025-05-04','Delivered',99.98,'Google Pay'),
(1,3,'2025-03-15','Delivered',3829.96,'Google Pay'),
(12,3,'2025-01-27','Delivered',119.98,'Apple Pay'),
(24,5,'2025-10-30','Delivered',399.97,'Apple Pay'),
(26,4,'2025-12-17','Delivered',489.94,'Apple Pay'),
(7,6,'2025-02-28','Shipped',3849.93,'PayPal'),
(24,2,'2025-12-17','Delivered',89.99,'Credit Card'),
(7,6,'2025-07-09','Delivered',79.99,'Google Pay'),
(23,6,'2025-08-04','Delivered',154.96,'Debit Card'),
(36,3,'2025-02-28','Delivered',1359.97,'Google Pay'),
(20,3,'2025-06-28','Delivered',149.98,'PayPal'),
(25,4,'2025-08-20','Delivered',229.97,'PayPal'),
(29,6,'2025-08-05','Delivered',229.94,'Google Pay'),
(15,4,'2025-11-02','Delivered',179.97,'Credit Card'),
(8,1,'2025-09-11','Delivered',1959.97,'PayPal'),
(28,1,'2025-08-23','Delivered',454.94,'Debit Card'),
(7,2,'2025-08-11','Cancelled',179.98,'Apple Pay'),
(15,3,'2025-03-27','Delivered',24.99,'Google Pay'),
(23,6,'2025-11-26','Delivered',259.98,'PayPal'),
(12,5,'2025-03-19','Delivered',889.93,'PayPal'),
(33,1,'2025-06-07','Delivered',159.98,'Apple Pay'),
(5,6,'2025-02-16','Cancelled',1649.94,'Google Pay'),
(33,6,'2025-03-29','Delivered',494.93,'PayPal'),
(36,6,'2025-07-16','Delivered',259.97,'Debit Card'),
(9,5,'2025-12-28','Delivered',589.93,'Debit Card'),
(13,2,'2025-03-11','Delivered',464.95,'Credit Card'),
(11,6,'2025-08-12','Delivered',704.96,'Apple Pay'),
(24,6,'2025-10-19','Delivered',139.97,'Apple Pay'),
(24,5,'2025-02-22','Shipped',319.95,'Credit Card'),
(23,1,'2025-07-31','Delivered',769.96,'Apple Pay'),
(10,2,'2025-01-20','Delivered',229.98,'Apple Pay'),
(14,2,'2025-10-07','Cancelled',684.95,'Google Pay');

INSERT INTO Order_Item (OrderID, ProductID, Quantity, UnitPriceAtPurchase) VALUES
(19,35,1,24.99),
(19,8,2,69.99),
(20,34,1,129.99),
(20,2,1,1299.99),
(20,9,1,129.99),
(21,10,2,189.99),
(21,33,1,179.99),
(22,26,1,119.99),
(22,31,1,49.99),
(22,9,1,129.99),
(22,18,1,299.99),
(23,35,2,24.99),
(24,18,2,299.99),
(24,33,2,179.99),
(24,29,2,34.99),
(24,15,1,799.99),
(25,15,1,799.99),
(25,31,2,49.99),
(26,5,1,79.99),
(27,28,1,89.99),
(27,5,2,79.99),
(28,11,1,129.99),
(28,15,2,799.99),
(28,21,1,54.99),
(28,16,1,39.99),
(29,18,1,299.99),
(30,29,2,34.99),
(31,10,1,189.99),
(31,22,1,99.99),
(31,32,2,249.99),
(31,23,1,39.99),
(32,31,1,49.99),
(32,22,1,99.99),
(33,21,2,54.99),
(33,16,1,39.99),
(33,24,1,79.99),
(34,19,1,89.99),
(34,12,1,49.99),
(35,11,1,129.99),
(35,30,2,29.99),
(35,10,1,189.99),
(36,11,2,129.99),
(36,18,1,299.99),
(36,12,2,49.99),
(36,14,1,1099.99),
(37,32,1,249.99),
(37,25,1,34.99),
(38,25,2,34.99),
(38,35,1,24.99),
(38,28,2,89.99),
(39,30,1,29.99),
(39,35,2,24.99),
(39,9,1,129.99),
(40,6,2,59.99),
(40,24,2,79.99),
(40,23,1,39.99),
(40,9,1,129.99),
(41,28,2,89.99),
(41,1,2,899.99),
(41,22,2,99.99),
(42,7,1,89.99),
(42,21,2,54.99),
(43,33,1,179.99),
(43,6,2,59.99),
(44,30,1,29.99),
(45,32,2,249.99),
(46,31,2,49.99),
(46,12,2,49.99),
(46,33,1,179.99),
(46,19,2,89.99),
(47,10,1,189.99),
(48,29,2,34.99),
(48,24,2,79.99),
(48,32,1,249.99),
(48,5,2,79.99),
(49,34,2,129.99),
(49,17,1,1799.99),
(50,10,1,189.99),
(50,2,2,1299.99),
(50,28,2,89.99),
(50,7,2,89.99),
(51,29,2,34.99),
(51,19,1,89.99),
(51,7,1,89.99),
(52,18,1,299.99),
(52,10,2,189.99),
(53,12,1,49.99),
(54,15,2,799.99),
(54,6,2,59.99),
(54,18,1,299.99),
(54,8,2,69.99),
(55,32,2,249.99),
(55,11,2,129.99),
(55,30,2,29.99),
(56,32,2,249.99),
(56,27,2,79.99),
(57,20,2,44.99),
(57,1,1,899.99),
(57,15,2,799.99),
(58,28,2,89.99),
(58,18,2,299.99),
(59,20,1,44.99),
(59,22,1,99.99),
(59,19,1,89.99),
(59,17,2,1799.99),
(60,8,2,69.99),
(60,15,1,799.99),
(60,21,1,54.99),
(61,34,2,129.99),
(61,8,2,69.99),
(62,9,2,129.99),
(62,6,1,59.99),
(62,28,1,89.99),
(62,34,1,129.99),
(63,27,2,79.99),
(63,31,2,49.99),
(64,16,1,39.99),
(64,19,1,89.99),
(65,33,1,179.99),
(65,21,2,54.99),
(65,3,1,149.99),
(65,17,2,1799.99),
(66,6,2,59.99),
(66,5,2,79.99),
(67,35,2,24.99),
(67,34,2,129.99),
(67,31,1,49.99),
(68,20,1,44.99),
(69,30,2,29.99),
(69,34,2,129.99),
(70,29,1,34.99),
(70,34,2,129.99),
(70,21,2,54.99),
(71,29,2,34.99),
(71,5,1,79.99),
(71,15,2,799.99),
(71,26,2,119.99),
(72,22,1,99.99),
(72,1,1,899.99),
(73,35,2,24.99),
(73,20,1,44.99),
(73,29,2,34.99),
(74,29,2,34.99),
(74,24,2,79.99),
(74,35,1,24.99),
(75,32,2,249.99),
(75,23,2,39.99),
(75,15,2,799.99),
(75,18,2,299.99),
(76,8,1,69.99),
(76,31,1,49.99),
(76,32,2,249.99),
(77,27,2,79.99),
(77,23,1,39.99),
(77,34,1,129.99),
(78,22,1,99.99),
(78,2,2,1299.99),
(79,14,2,1099.99),
(79,12,2,49.99),
(79,7,2,89.99),
(79,27,2,79.99),
(80,31,2,49.99),
(81,27,2,79.99),
(81,33,2,179.99),
(82,20,1,44.99),
(82,1,2,899.99),
(82,5,1,79.99),
(82,34,1,129.99),
(83,10,1,189.99),
(83,7,1,89.99),
(83,21,2,54.99),
(84,21,2,54.99),
(84,24,1,79.99),
(84,9,2,129.99),
(84,32,1,249.99),
(85,27,2,79.99),
(85,26,1,119.99),
(85,8,1,69.99),
(86,3,1,149.99),
(86,22,1,99.99),
(87,11,1,129.99),
(87,29,2,34.99),
(87,8,2,69.99),
(87,34,1,129.99),
(88,5,1,79.99),
(88,28,1,89.99),
(88,20,1,44.99),
(89,6,2,59.99),
(89,16,1,39.99),
(90,14,1,1099.99),
(90,9,2,129.99),
(90,2,1,1299.99),
(91,6,2,59.99),
(92,3,1,149.99),
(92,22,2,99.99),
(93,6,2,59.99),
(93,7,2,89.99),
(93,23,2,39.99),
(93,11,2,129.99),
(94,31,2,49.99),
(94,17,2,1799.99),
(94,29,2,34.99),
(94,24,2,79.99),
(95,7,2,89.99),
(96,24,2,79.99),
(97,25,1,34.99),
(97,8,1,69.99),
(97,35,2,24.99),
(98,30,1,29.99),
(98,2,2,1299.99),
(99,28,1,89.99),
(99,6,1,59.99),
(100,22,1,99.99),
(100,23,1,39.99),
(100,7,2,89.99),
(101,29,2,34.99),
(101,20,2,44.99),
(101,16,2,39.99),
(101,35,1,24.99),
(102,22,2,99.99),
(102,16,2,39.99),
(103,27,2,79.99),
(103,17,1,1799.99),
(104,28,2,89.99),
(104,29,2,34.99),
(104,21,1,54.99),
(104,9,2,129.99),
(105,28,2,89.99),
(106,35,2,24.99),
(107,11,1,129.99),
(108,32,2,249.99),
(108,31,2,49.99),
(108,23,1,39.99),
(108,11,2,129.99),
(109,5,2,79.99),
(110,32,2,249.99),
(110,3,1,149.99),
(110,31,2,49.99),
(110,15,1,799.99),
(111,31,2,49.99),
(111,12,1,49.99),
(111,26,2,119.99),
(111,21,1,54.99),
(112,24,2,79.99),
(112,7,2,89.99),
(113,24,1,79.99),
(113,10,1,189.99),
(113,7,2,89.99),
(113,30,2,29.99),
(114,8,1,69.99),
(114,35,1,24.99),
(114,3,1,149.99),
(115,18,2,299.99),
(115,31,2,49.99),
(115,21,1,54.99),
(116,27,2,79.99),
(116,35,1,24.99),
(116,29,2,34.99),
(117,7,1,89.99),
(117,12,1,49.99),
(117,20,2,44.99),
(118,18,2,299.99),
(118,27,1,79.99),
(118,7,2,89.99),
(119,33,1,179.99),
(119,31,2,49.99),
(120,9,2,129.99),
(120,21,1,54.99),
(120,18,1,299.99),
(120,22,2,99.99);

-- Lapsed customers: last purchase was early 2025 (IDs 121-125)
INSERT INTO `Order` (CustomerID, ShippingAddressID, OrderDate, Status, TotalAmount, PaymentMethod) VALUES
(34,1,'2025-02-08','Delivered',114.98,'Credit Card'),
(35,1,'2025-02-02','Delivered',184.98,'Credit Card'),
(36,1,'2025-01-10','Delivered',174.98,'Credit Card'),
(37,1,'2025-01-01','Delivered',144.98,'Credit Card'),
(38,1,'2025-02-06','Delivered',189.98,'Credit Card');

INSERT INTO Order_Item (OrderID, ProductID, Quantity, UnitPriceAtPurchase) VALUES
(121,6,1,59.99),
(121,21,1,54.99),
(122,9,1,129.99),
(122,21,1,54.99),
(123,20,1,44.99),
(123,9,1,129.99),
(124,21,1,54.99),
(124,7,1,89.99),
(125,22,1,99.99),
(125,7,1,89.99);

-- Additional reviews
INSERT INTO Review (CustomerID, ProductID, Rating, Comment, ReviewDate) VALUES
(1,7,5,'A bit overpriced but decent.','2025-02-04'),
(1,35,5,'Five stars love it!','2025-10-10'),
(1,2,4,'Would recommend to a friend.','2025-01-23'),
(2,27,5,'Fast shipping great quality.','2025-01-09'),
(2,25,5,'A bit overpriced but decent.','2025-05-03'),
(2,8,5,'A bit overpriced but decent.','2025-03-09'),
(3,25,5,'Good value for the price.','2025-08-25'),
(4,33,5,'Good value for the price.','2025-02-02'),
(4,32,2,'Works exactly as described.','2025-01-23'),
(4,15,5,'A bit overpriced but decent.','2025-06-07'),
(5,28,5,'Five stars love it!','2025-08-30'),
(5,19,2,'Works exactly as described.','2025-05-26'),
(5,25,5,'Exceeded my expectations!','2025-06-18'),
(6,9,5,'Not what I expected.','2025-07-23'),
(6,31,5,'Not what I expected.','2025-06-22'),
(7,34,5,'A bit overpriced but decent.','2025-09-22'),
(8,7,5,'Solid product would buy again.','2025-08-08'),
(8,14,5,'A bit overpriced but decent.','2025-02-22'),
(9,23,5,'Fast shipping great quality.','2025-08-16'),
(10,30,3,'Would recommend to a friend.','2025-06-28'),
(10,31,2,'A bit overpriced but decent.','2025-08-10'),
(10,20,5,'Exceeded my expectations!','2025-02-08'),
(11,28,4,'Good value for the price.','2025-01-16'),
(11,11,5,'Would recommend to a friend.','2025-01-18'),
(11,10,2,'A bit overpriced but decent.','2025-07-04'),
(12,3,5,'Would recommend to a friend.','2025-07-08'),
(12,26,4,'Solid product would buy again.','2025-10-20'),
(13,26,4,'Fast shipping great quality.','2025-05-07'),
(14,2,5,'Would recommend to a friend.','2025-09-22'),
(15,9,4,'Fast shipping great quality.','2025-08-16'),
(15,16,5,'Fast shipping great quality.','2025-09-08'),
(16,9,3,'Solid product would buy again.','2025-08-19'),
(17,31,5,'A bit overpriced but decent.','2025-06-26'),
(18,6,5,'Fast shipping great quality.','2025-06-02'),
(18,12,5,'Good value for the price.','2025-07-04'),
(18,35,4,'Works exactly as described.','2025-03-12'),
(19,34,1,'Five stars love it!','2025-10-20'),
(20,32,5,'Five stars love it!','2025-03-07'),
(20,7,2,'Not what I expected.','2025-09-02'),
(21,29,5,'Average product nothing special.','2025-02-07'),
(21,10,5,'Solid product would buy again.','2025-08-18'),
(21,32,5,'A bit overpriced but decent.','2025-03-06'),
(22,14,5,'Good value for the price.','2025-08-09'),
(22,35,5,'Exceeded my expectations!','2025-03-04'),
(22,11,4,'Good value for the price.','2025-06-14'),
(23,17,4,'Five stars love it!','2025-05-25'),
(23,7,4,'Five stars love it!','2025-05-20'),
(23,10,5,'Average product nothing special.','2025-09-30'),
(24,35,5,'Average product nothing special.','2025-10-24'),
(25,12,5,'Average product nothing special.','2025-06-21'),
(26,3,5,'Exceeded my expectations!','2025-02-11'),
(26,19,5,'Average product nothing special.','2025-08-01'),
(27,2,5,'Five stars love it!','2025-05-28'),
(27,22,5,'Not what I expected.','2025-06-01'),
(27,32,2,'Exceeded my expectations!','2025-03-21'),
(28,29,5,'Works exactly as described.','2025-06-23'),
(28,11,4,'A bit overpriced but decent.','2025-06-25'),
(29,10,5,'Five stars love it!','2025-10-14'),
(29,8,4,'Would recommend to a friend.','2025-03-03');
